{
    "\u0421\u043e\u043e\u0442\u043d\u043e\u0448\u0435\u043d\u0438\u0435 \u043c\u0430\u0442\u0440\u0438\u0446\u0430-\u043d\u0430\u043f\u043e\u043b\u043d\u0438\u0442\u0435\u043b\u044c": {
        "minimum": 0.389402605178414,
        "maximum": 5.59174159869754,
        "avg": 2.9303657734325483
    },
    "\u041f\u043b\u043e\u0442\u043d\u043e\u0441\u0442\u044c, \u043a\u0433/\u043c3": {
        "minimum": 1731.764635096,
        "maximum": 2207.77348061119,
        "avg": 1975.7348881101545
    },
    "\u043c\u043e\u0434\u0443\u043b\u044c \u0443\u043f\u0440\u0443\u0433\u043e\u0441\u0442\u0438, \u0413\u041f\u0430": {
        "minimum": 2.4369087535075,
        "maximum": 1911.53647700054,
        "avg": 739.9232327560721
    },
    "\u041a\u043e\u043b\u0438\u0447\u0435\u0441\u0442\u0432\u043e \u043e\u0442\u0432\u0435\u0440\u0434\u0438\u0442\u0435\u043b\u044f, \u043c.%": {
        "minimum": 17.7402745562519,
        "maximum": 198.953207190451,
        "avg": 110.57076864736254
    },
    "\u0421\u043e\u0434\u0435\u0440\u0436\u0430\u043d\u0438\u0435 \u044d\u043f\u043e\u043a\u0441\u0438\u0434\u043d\u044b\u0445 \u0433\u0440\u0443\u043f\u043f,%_2": {
        "minimum": 14.2549854977161,
        "maximum": 33.0,
        "avg": 22.24438954776773
    },
    "\u0422\u0435\u043c\u043f\u0435\u0440\u0430\u0442\u0443\u0440\u0430 \u0432\u0441\u043f\u044b\u0448\u043a\u0438, \u0421_2": {
        "minimum": 100.0,
        "maximum": 413.273418243566,
        "avg": 285.88215135162187
    },
    "\u041f\u043e\u0432\u0435\u0440\u0445\u043d\u043e\u0441\u0442\u043d\u0430\u044f \u043f\u043b\u043e\u0442\u043d\u043e\u0441\u0442\u044c, \u0433/\u043c2": {
        "minimum": 0.603739925153945,
        "maximum": 1399.54236233989,
        "avg": 482.73183303841853
    },
    "\u041c\u043e\u0434\u0443\u043b\u044c \u0443\u043f\u0440\u0443\u0433\u043e\u0441\u0442\u0438 \u043f\u0440\u0438 \u0440\u0430\u0441\u0442\u044f\u0436\u0435\u043d\u0438\u0438, \u0413\u041f\u0430": {
        "minimum": 64.0540605597917,
        "maximum": 82.682051035271,
        "avg": 73.32857125009068
    },
    "\u041f\u0440\u043e\u0447\u043d\u043e\u0441\u0442\u044c \u043f\u0440\u0438 \u0440\u0430\u0441\u0442\u044f\u0436\u0435\u043d\u0438\u0438, \u041c\u041f\u0430": {
        "minimum": 1036.85660535,
        "maximum": 3848.43673187618,
        "avg": 2466.922842697902
    },
    "\u041f\u043e\u0442\u0440\u0435\u0431\u043b\u0435\u043d\u0438\u0435 \u0441\u043c\u043e\u043b\u044b, \u0433/\u043c2": {
        "minimum": 33.8030255329625,
        "maximum": 414.590628361534,
        "avg": 218.42314367654285
    },
    "\u0423\u0433\u043e\u043b \u043d\u0430\u0448\u0438\u0432\u043a\u0438, \u0433\u0440\u0430\u0434": {
        "minimum": 0.0,
        "maximum": 90.0,
        "avg": 44.252199413489734
    },
    "\u0428\u0430\u0433 \u043d\u0430\u0448\u0438\u0432\u043a\u0438": {
        "minimum": 0.0,
        "maximum": 14.4405218753969,
        "avg": 6.8992220776750175
    },
    "\u041f\u043b\u043e\u0442\u043d\u043e\u0441\u0442\u044c \u043d\u0430\u0448\u0438\u0432\u043a\u0438": {
        "minimum": 0.0,
        "maximum": 103.988901301494,
        "avg": 57.153929432857645
    }
}