{
    "\u0421\u043e\u043e\u0442\u043d\u043e\u0448\u0435\u043d\u0438\u0435 \u043c\u0430\u0442\u0440\u0438\u0446\u0430-\u043d\u0430\u043f\u043e\u043b\u043d\u0438\u0442\u0435\u043b\u044c": {
        "mnozitel": 5.202338993519127,
        "delta": 0.389402605178414
    },
    "\u041f\u043b\u043e\u0442\u043d\u043e\u0441\u0442\u044c, \u043a\u0433/\u043c3": {
        "mnozitel": 408.2565382314201,
        "delta": 1784.48224524858
    },
    "\u043c\u043e\u0434\u0443\u043b\u044c \u0443\u043f\u0440\u0443\u0433\u043e\u0441\u0442\u0438, \u0413\u041f\u0430": {
        "mnozitel": 1646.9787971223625,
        "delta": 2.4369087535075
    },
    "\u041a\u043e\u043b\u0438\u0447\u0435\u0441\u0442\u0432\u043e \u043e\u0442\u0432\u0435\u0440\u0434\u0438\u0442\u0435\u043b\u044f, \u043c.%": {
        "mnozitel": 162.8955521795974,
        "delta": 29.9561496534826
    },
    "\u0421\u043e\u0434\u0435\u0440\u0436\u0430\u043d\u0438\u0435 \u044d\u043f\u043e\u043a\u0441\u0438\u0434\u043d\u044b\u0445 \u0433\u0440\u0443\u043f\u043f,%_2": {
        "mnozitel": 13.259200571021099,
        "delta": 15.6958938036288
    },
    "\u0422\u0435\u043c\u043f\u0435\u0440\u0430\u0442\u0443\u0440\u0430 \u0432\u0441\u043f\u044b\u0448\u043a\u0438, \u0421_2": {
        "mnozitel": 230.16794095235497,
        "delta": 173.484919924459
    },
    "\u041f\u043e\u0432\u0435\u0440\u0445\u043d\u043e\u0441\u0442\u043d\u0430\u044f \u043f\u043b\u043e\u0442\u043d\u043e\u0441\u0442\u044c, \u0433/\u043c2": {
        "mnozitel": 1290.736374710296,
        "delta": 0.603739925153945
    },
    "\u041c\u043e\u0434\u0443\u043b\u044c \u0443\u043f\u0440\u0443\u0433\u043e\u0441\u0442\u0438 \u043f\u0440\u0438 \u0440\u0430\u0441\u0442\u044f\u0436\u0435\u043d\u0438\u0438, \u0413\u041f\u0430": {
        "mnozitel": 18.627990475479308,
        "delta": 64.0540605597917
    },
    "\u041f\u0440\u043e\u0447\u043d\u043e\u0441\u0442\u044c \u043f\u0440\u0438 \u0440\u0430\u0441\u0442\u044f\u0436\u0435\u043d\u0438\u0438, \u041c\u041f\u0430": {
        "mnozitel": 2811.58012652618,
        "delta": 1036.85660535
    },
    "\u041f\u043e\u0442\u0440\u0435\u0431\u043b\u0435\u043d\u0438\u0435 \u0441\u043c\u043e\u043b\u044b, \u0433/\u043c2": {
        "mnozitel": 345.8551534796663,
        "delta": 41.0482779512307
    },
    "\u0423\u0433\u043e\u043b \u043d\u0430\u0448\u0438\u0432\u043a\u0438, \u0433\u0440\u0430\u0434": {
        "mnozitel": 90.0,
        "delta": 0.0
    },
    "\u0428\u0430\u0433 \u043d\u0430\u0448\u0438\u0432\u043a\u0438": {
        "mnozitel": 14.402882938698157,
        "delta": 0.0376389366987437
    },
    "\u041f\u043b\u043e\u0442\u043d\u043e\u0441\u0442\u044c \u043d\u0430\u0448\u0438\u0432\u043a\u0438": {
        "mnozitel": 72.3918586171032,
        "delta": 20.5716333306441
    }
}